id,first_name,last_name,ip_address,date_of_birth,money
1,Darbee,Skill,10.208.113.62,10/23/2019,$1884.35
2,Bekki,Cumberlidge,39.20.74.134,10/11/2019,$427.70
3,Sheffie,Linay,108.207.130.168,12/24/2019,$1779.69
4,Edy,Duinkerk,212.144.135.48,4/19/2020,$320.71
5,Jillie,Heigho,114.170.24.16,1/1/2020,$1904.55
6,Chris,Meysham,49.196.126.118,9/12/2019,$489.38
7,Kirsteni,Ormerod,219.101.169.106,4/5/2020,$773.41
8,Ginger,Boich,16.37.108.23,4/18/2020,$100.02
9,Rahel,Wraxall,248.184.221.94,7/24/2019,$1142.43
10,Peterus,Ivkovic,156.193.90.163,5/16/2020,$566.20
11,Valaria,Chevalier,221.208.111.205,9/10/2019,$923.54
12,Kiri,Kynsey,127.185.43.116,9/16/2019,$78.63
13,Elsi,Laneham,4.69.252.201,7/8/2020,$1665.39
14,Shem,Larkcum,133.52.229.64,4/7/2020,$623.01
15,Boy,Henkmann,243.116.117.76,6/27/2020,$884.65
16,Meridith,Cranage,38.207.130.250,4/2/2020,$1889.26
17,Gypsy,Burston,202.103.148.183,10/8/2019,$1511.39
18,Giovanni,Arents,236.143.147.131,9/12/2019,$1947.34
19,Candida,Mulhill,217.178.221.72,5/22/2020,$1184.68
20,Clari,McGirl,81.121.220.75,8/12/2019,$1986.79
21,Denny,Damrell,238.3.81.195,11/5/2019,$620.15
22,Leda,Prime,2.54.176.231,3/2/2020,$1254.35
23,Forbes,Adcock,243.53.230.3,5/1/2020,$800.22
24,Timmi,Drewett,111.28.250.169,6/7/2020,$234.28
25,Gerta,Safell,217.181.5.114,3/1/2020,$542.78
26,Kathlin,Ricardin,165.104.28.179,10/6/2019,$1.59
27,Oriana,Delieu,9.49.236.209,4/8/2020,$1463.18
28,Coriss,Halling,66.106.172.52,5/24/2020,$840.64
29,Bern,Hallahan,40.101.57.194,12/26/2019,$1020.60
30,Johann,Castanaga,114.28.72.112,11/13/2019,$1433.90
31,Zackariah,Abbitt,158.107.215.90,5/27/2020,$895.14
32,Chauncey,Matiewe,241.73.227.151,12/14/2019,$550.48
33,Maxy,McKibbin,35.53.38.84,4/2/2020,$1096.23
34,Casey,Braidley,2.90.209.59,10/16/2019,$624.17
35,Clint,Angless,16.213.151.243,4/12/2020,$169.60
36,Rosalyn,Delyth,242.65.59.97,6/19/2020,$93.97
37,Dacy,Valentelli,0.192.118.1,8/20/2019,$1943.46
38,Karole,Morkham,221.123.170.199,10/9/2019,$954.55
39,Madelle,Josephson,103.217.118.201,8/21/2019,$441.70
40,Cobby,Hunnam,155.210.114.225,10/4/2019,$294.65
41,Ax,Stanmore,197.143.11.160,12/25/2019,$98.44
42,Raynell,Van Dalen,112.110.57.157,8/17/2019,$549.20
43,Rosalynd,Hymus,86.122.170.11,5/4/2020,$1426.99
44,Way,Coggell,15.59.251.1,11/1/2019,$1887.70
45,Anna-diana,Lavens,100.230.114.154,3/7/2020,$1264.17
46,Joey,Wehnerr,210.117.228.183,10/20/2019,$712.05
47,Betsey,Bromby,244.56.167.40,11/26/2019,$450.15
48,Patricia,Vanyukov,76.135.115.16,12/3/2019,$1439.84
49,Lyon,Goodsall,4.78.159.231,11/10/2019,$1890.32
50,Riobard,Swannell,213.24.80.75,11/15/2019,$1372.14
51,Homerus,Vian,36.139.48.195,11/3/2019,$1278.79
52,Alanah,Boays,230.160.122.110,5/18/2020,$1851.00
53,Edmund,Pabst,142.1.158.219,10/12/2019,$1061.26
54,Odele,Bartlet,67.140.227.230,3/12/2020,$1291.45
55,Teodor,McGragh,61.90.251.181,10/26/2019,$1790.98
56,Tedie,Edler,104.110.48.66,3/13/2020,$100.08
57,Rudie,Souness,224.205.201.33,6/17/2020,$973.72
58,Joli,Insley,103.78.89.130,4/27/2020,$1975.24
59,Glynnis,Sheran,127.78.156.83,5/21/2020,$302.89
60,Cecil,Barge,194.59.242.4,2/29/2020,$1588.14
61,Frasier,Stocker,61.202.36.45,1/23/2020,$795.71
62,Angelika,Haglinton,214.175.77.254,1/12/2020,$790.57
63,Ethelind,Zupone,170.35.106.55,2/23/2020,$1882.85
64,Janith,Power,55.29.210.200,7/22/2019,$138.43
65,Savina,MacAnellye,215.69.92.169,7/2/2020,$1295.13
66,Care,Twamley,185.38.144.49,9/22/2019,$245.99
67,Donalt,Walklott,7.9.27.52,4/17/2020,$1135.13
68,Keeley,Teers,53.215.108.192,11/2/2019,$14.30
69,Bat,Fox,45.217.104.172,11/8/2019,$1075.08
70,Pearce,Gillmore,31.101.104.100,10/7/2019,$281.18
71,Ransom,Lambin,200.185.241.117,12/20/2019,$269.37
72,Jacklin,Cuddehay,28.213.253.206,12/24/2019,$1220.36
73,Rowen,Vedenichev,79.19.242.126,3/29/2020,$619.84
74,Jeffy,Werlock,95.47.79.37,8/16/2019,$1035.76
75,Ferd,Belden,114.21.125.41,12/28/2019,$1177.41
76,Latrina,Peyton,230.203.193.111,9/10/2019,$1872.51
77,Steward,Culver,223.135.44.218,8/21/2019,$612.67
78,Doll,Stave,167.7.223.94,12/12/2019,$332.39
79,Hube,Cubbinelli,95.71.222.123,7/1/2020,$863.28
80,Ashli,Waterland,190.17.9.241,9/12/2019,$1383.74
81,Hamil,Scorrer,53.187.150.85,9/20/2019,$1664.70
82,Rafael,Riggott,84.167.106.14,4/21/2020,$706.54
83,Thomas,Vickress,112.215.28.121,9/23/2019,$299.51
84,Aigneis,MacCawley,240.172.89.138,5/25/2020,$321.25
85,Desiri,Hanscomb,34.174.244.140,1/12/2020,$1692.48
86,Nolly,Buckle,172.118.71.60,1/9/2020,$1779.25
87,Dexter,Ockendon,178.176.119.247,5/7/2020,$231.90
88,Melanie,Clendinning,128.235.240.133,2/12/2020,$6.71
89,Gaven,Wenderoth,210.232.105.31,12/2/2019,$764.43
90,Becca,Lombard,170.152.19.43,8/13/2019,$996.57
91,Gustavus,Ciabatteri,225.83.166.253,10/20/2019,$280.36
92,Ofella,Grabert,102.3.245.16,5/6/2020,$264.00
93,Waylin,Huntington,118.16.142.233,1/8/2020,$689.01
94,Darleen,Meineck,50.132.9.187,2/24/2020,$974.14
95,Reggie,Methringham,204.36.216.210,2/17/2020,$381.89
96,Michal,Annett,208.19.59.190,11/1/2019,$252.40
97,Zahara,Bezants,96.227.60.2,1/17/2020,$1493.68
98,Dukie,Manuelli,110.182.92.112,10/29/2019,$661.69
99,Clio,Oneile,201.29.180.13,7/8/2020,$151.63
100,Chaddie,Holah,25.65.255.226,6/2/2020,$263.19
101,Drusie,Berthomieu,128.203.232.136,6/10/2020,$973.38
102,Carce,Hoult,29.36.187.191,3/17/2020,$896.47
103,Romeo,Tewes,63.179.23.223,5/17/2020,$1679.93
104,Wilhelmine,Tue,143.33.213.55,8/31/2019,$1424.50
105,Irwinn,Duxbury,16.178.174.27,3/14/2020,$92.13
106,Antone,Pugh,173.113.190.135,7/9/2020,$211.33
107,Vlad,Newton,172.115.190.168,7/31/2019,$591.86
108,Georgi,Caselick,180.111.206.92,11/27/2019,$1452.72
109,Herve,Knowles,194.234.161.197,10/24/2019,$1502.58
110,Allyn,Shurville,153.74.189.89,5/18/2020,$414.31
111,Bank,Karpmann,137.240.33.3,3/14/2020,$452.04
112,Sylas,Martell,158.252.150.99,9/5/2019,$870.92
113,Oralle,Dewicke,180.70.120.86,4/5/2020,$1424.15
114,Garold,Barday,24.250.113.80,1/19/2020,$1758.49
115,Isa,Ericssen,252.5.193.226,11/9/2019,$896.72
116,Joby,Bodemeaid,76.10.102.97,6/14/2020,$1310.29
117,Tyrone,Dubock,61.20.99.53,5/27/2020,$1541.72
118,Alta,Keysel,106.207.86.156,6/20/2020,$270.56
119,Drusi,Popple,170.77.9.68,7/22/2019,$1115.01
120,Melania,Schuler,3.29.21.32,9/17/2019,$1912.24
121,Josee,Perel,133.91.5.124,8/7/2019,$138.93
122,Mercie,Shearston,138.220.51.60,5/9/2020,$1639.75
123,Rosemaria,Barts,231.126.25.128,7/25/2019,$1768.02
124,Beniamino,Cloute,215.25.236.209,2/28/2020,$1480.84
125,Sylvester,Gerrell,113.90.22.88,2/5/2020,$78.88
126,Drusy,Elster,132.180.46.255,12/19/2019,$1550.51
127,Jessamyn,Plant,17.176.52.170,12/15/2019,$939.55
128,Tessie,Conibere,112.128.139.199,10/24/2019,$429.53
129,Liza,Olufsen,113.1.168.186,6/19/2020,$502.10
130,Isahella,Fiddyment,76.174.214.16,8/13/2019,$587.89
131,Emelina,Hatherall,246.210.142.109,4/27/2020,$1022.91
132,Courtney,Jarrad,207.195.115.248,9/1/2019,$410.92
133,Monte,Gubbins,234.11.227.55,3/29/2020,$396.16
134,Goddart,Podd,167.42.73.113,1/6/2020,$423.02
135,Dorothy,Voules,39.14.46.144,1/24/2020,$725.78
136,Carmelina,Ferrettino,7.113.144.206,8/18/2019,$1262.94
137,Kaylil,Langford,99.175.100.96,7/1/2020,$861.80
138,Roanne,Torald,219.109.193.187,6/7/2020,$1695.91
139,Anthea,Joselson,62.86.78.58,4/24/2020,$1449.79
140,Kaja,Aikenhead,107.24.94.181,8/1/2019,$826.31
141,Herminia,Goforth,218.66.179.80,5/6/2020,$1931.91
142,Raphael,Gepp,94.193.85.228,1/21/2020,$1546.63
143,Hester,Meers,164.131.43.226,11/6/2019,$906.51
144,Sibella,Matevushev,102.173.23.83,8/14/2019,$1467.24
145,Lennie,Wedon,242.207.62.143,12/25/2019,$969.21
146,Pier,Lillegard,156.18.245.30,6/21/2020,$758.94
147,Lonna,Zelake,144.162.134.5,5/13/2020,$1656.21
148,Eddi,Bineham,152.201.100.44,12/12/2019,$1370.63
149,Sibley,Burde,117.135.227.219,6/24/2020,$955.19
150,Anetta,Robertsen,193.195.19.160,5/15/2020,$28.49
151,Teodoor,Tine,119.80.26.177,12/5/2019,$1097.81
152,Rodge,Walter,164.234.74.15,9/21/2019,$495.75
153,Karel,Edgeon,39.79.117.124,6/30/2020,$171.98
154,Thornie,Haliburton,141.172.101.235,6/20/2020,$1065.19
155,Janith,Gaskall,65.12.177.25,3/26/2020,$137.78
156,Bar,Heathwood,100.217.66.75,4/3/2020,$1800.09
157,Fergus,Carnow,123.34.136.39,7/30/2019,$943.25
158,Janey,Waring,34.134.0.128,8/22/2019,$1206.91
159,Allin,Crisell,112.188.18.39,12/12/2019,$1599.02
160,Alwin,Tomson,17.191.242.75,5/14/2020,$956.80
161,Ebenezer,Wickwar,164.199.205.12,9/26/2019,$478.32
162,Leonard,Renowden,105.213.200.253,1/3/2020,$1764.64
163,Mirabel,Kettle,161.46.70.58,12/11/2019,$485.69
164,Adan,Dennehy,93.174.76.198,12/8/2019,$1265.44
165,Elsi,Ready,109.247.132.28,5/3/2020,$1247.69
166,Mead,McKeller,221.206.101.87,8/4/2019,$780.95
167,Derry,O'Kynsillaghe,201.185.15.167,7/12/2020,$1192.95
168,Anette,Lythgoe,249.82.222.50,11/4/2019,$1673.52
169,Kati,Rodda,187.27.11.31,11/25/2019,$1275.21
170,Elwood,Paslow,118.204.184.151,9/12/2019,$1468.28
171,Letizia,Bradnock,248.76.248.81,3/29/2020,$288.17
172,Zerk,Lighton,96.255.159.242,8/19/2019,$941.00
173,Brook,Endacott,120.230.141.39,1/28/2020,$385.23
174,Becki,Spurriar,101.251.17.255,1/16/2020,$510.67
175,Andria,Radleigh,38.103.151.92,3/1/2020,$585.15
176,Philbert,Mulcahy,19.99.249.137,9/4/2019,$1820.73
177,Peta,Tregiddo,248.38.173.215,6/6/2020,$193.92
178,Johnathon,Meininger,85.42.36.234,1/2/2020,$142.12
179,Nanci,Toxell,234.28.248.44,9/7/2019,$515.18
180,Marijn,Toffano,156.218.91.66,8/30/2019,$1851.35
181,Regen,Click,33.48.235.136,2/11/2020,$788.21
182,Lurette,Simonsen,4.182.219.6,12/19/2019,$1643.97
183,Rhiamon,Johananoff,110.7.17.58,6/22/2020,$1735.38
184,Giulia,Bampford,187.124.212.214,10/24/2019,$872.76
185,Krishna,Letertre,136.234.62.145,7/10/2020,$130.45
186,Corrie,Geeve,208.238.239.105,5/16/2020,$1431.69
187,Dory,Dust,84.96.107.11,12/22/2019,$483.96
188,Dacey,McKevitt,223.3.247.201,7/16/2019,$515.67
189,Phelia,Dovidian,91.101.186.197,11/9/2019,$1178.60
190,Andria,Cassar,66.108.69.110,4/27/2020,$612.42
191,Dorian,Loeber,254.38.213.85,3/31/2020,$1386.67
192,Sigismundo,Beacroft,200.146.6.170,8/12/2019,$327.74
193,Leyla,Pozzo,162.166.29.233,1/20/2020,$1862.42
194,Sophie,Braben,81.151.173.73,11/27/2019,$1393.48
195,Miles,Scanlan,245.139.59.27,3/11/2020,$229.70
196,Amargo,Liverock,54.156.245.233,3/17/2020,$843.44
197,Arron,Nazer,102.236.32.217,2/15/2020,$107.59
198,Robers,Tregensoe,2.200.45.42,1/22/2020,$1976.74
199,Sander,Kender,163.174.77.147,5/27/2020,$1712.36
200,Sibelle,Tarney,57.163.158.174,6/29/2020,$1273.33
201,Laney,Cornner,91.177.229.3,11/2/2019,$123.11
202,Blithe,Ransom,36.114.45.187,7/22/2019,$1080.92
203,Melony,Gentric,129.8.172.210,3/13/2020,$1967.11
204,Danya,Gartrell,151.47.173.107,6/18/2020,$1209.59
205,Rozamond,Anderson,201.194.194.245,7/10/2020,$717.72
206,Renee,Pavlovsky,5.69.37.199,12/29/2019,$1137.44
207,Angelina,Russen,237.215.86.39,9/16/2019,$1292.36
208,Nilson,Jannex,125.214.84.93,8/25/2019,$1274.90
209,Joelynn,Wesgate,239.125.2.169,3/8/2020,$131.08
210,Lamar,Tuttle,118.123.10.190,1/17/2020,$1331.41
211,Kippie,Gadd,147.158.229.34,7/8/2020,$1563.22
212,Ardella,Bonavia,15.162.185.190,8/16/2019,$1038.76
213,Rita,Orts,55.16.105.23,5/30/2020,$242.05
214,Johnette,Lumsdall,169.86.39.224,6/26/2020,$83.36
215,Deanna,Gill,18.156.220.155,2/3/2020,$1870.54
216,Sada,Slide,109.67.194.206,9/10/2019,$1540.64
217,Royce,Memmory,58.169.112.34,4/29/2020,$432.51
218,Winfred,Bruckstein,153.8.161.166,4/9/2020,$1180.69
219,Henrie,Rappaport,70.29.27.144,1/26/2020,$22.00
220,Rebecca,Crosscombe,10.179.90.38,2/26/2020,$948.85
221,Jim,Duffree,42.23.55.112,4/29/2020,$1988.79
222,Virgina,Mathonnet,89.36.255.212,10/9/2019,$1413.51
223,Palm,Malcher,135.64.246.190,11/29/2019,$1234.55
224,Thornton,Ewert,235.211.52.99,12/20/2019,$1601.10
225,Tiffy,Inchbald,220.47.16.217,9/6/2019,$608.94
226,Kelcey,Emerson,233.53.145.74,4/16/2020,$359.99
227,Osborne,Rope,204.139.118.62,11/9/2019,$395.10
228,Guillemette,Leggon,49.168.216.220,12/1/2019,$1817.22
229,Maia,Brannigan,214.194.217.208,8/2/2019,$417.14
230,Kyrstin,Brisard,86.98.94.111,11/12/2019,$1440.90
231,Juline,Utridge,239.209.84.12,2/11/2020,$1052.30
232,Cheri,Rigard,42.70.69.65,7/25/2019,$1911.13
233,Emma,des Remedios,239.72.221.1,2/15/2020,$1833.58
234,Monty,Ellett,23.68.252.188,12/1/2019,$1658.84
235,Ashil,Maving,206.71.54.101,1/20/2020,$294.13
236,Gaye,Genders,201.166.159.134,5/9/2020,$1405.66
237,Nike,Gater,220.124.3.69,10/8/2019,$1632.51
238,Aida,Aronstein,237.104.12.182,2/18/2020,$233.85
239,Ellwood,Spraggs,165.84.169.71,8/8/2019,$725.39
240,Tansy,Gilliam,141.250.145.40,6/14/2020,$459.75
241,Lisetta,Clemitt,1.24.67.12,3/16/2020,$466.11
242,Stacee,Grzelczyk,124.51.148.93,10/25/2019,$1797.82
243,Cornie,Wyldbore,138.104.204.186,11/20/2019,$702.26
244,Ken,Vieyra,184.11.194.150,1/5/2020,$231.83
245,Lanie,Choppen,226.230.125.112,3/23/2020,$602.28
246,Cassie,Piel,169.8.206.64,6/16/2020,$1557.89
247,Shanon,Picardo,45.193.29.49,12/13/2019,$740.82
248,Colleen,Speaks,94.170.116.54,3/18/2020,$711.82
249,Birgitta,Perigeaux,253.13.158.77,1/10/2020,$1400.04
250,Goldy,Moorwood,54.104.208.17,12/26/2019,$402.68
251,Willy,Brickwood,92.62.166.80,5/21/2020,$1171.10
252,Agnese,Harron,201.100.163.241,10/8/2019,$1135.93
253,Dulcie,Mapp,216.203.99.155,7/9/2020,$1870.75
254,Evelyn,Rablin,3.185.26.196,7/14/2019,$1156.09
255,Talia,Piddletown,30.189.36.130,4/13/2020,$1759.85
256,Mirabelle,Tytherton,78.159.254.209,8/10/2019,$1015.49
257,Eden,Follitt,203.192.123.170,3/5/2020,$764.68
258,Delmore,Leibold,19.233.65.29,7/29/2019,$1431.21
259,Jeremie,Klimushev,42.240.72.52,2/5/2020,$347.17
260,Edik,Filippo,158.58.10.213,4/8/2020,$1790.71
261,Leisha,Wakely,16.159.61.113,8/13/2019,$569.70
262,Arman,Gutowski,227.226.227.0,7/6/2020,$845.37
263,Dilly,Bowhey,38.9.150.4,2/8/2020,$786.52
264,Bram,Spurden,101.246.184.235,7/1/2020,$116.68
265,Benny,Echallie,101.195.135.235,10/12/2019,$579.49
266,Mendy,Bonnor,130.13.216.19,9/9/2019,$501.30
267,Desiree,Whetland,52.166.154.238,10/6/2019,$561.44
268,Tucker,Greydon,11.12.122.73,9/7/2019,$89.16
269,Kingsley,Doerren,204.236.115.245,5/23/2020,$1252.87
270,Christye,Wassell,221.188.171.157,7/9/2020,$1976.34
271,Daniel,Hultberg,77.3.251.251,9/2/2019,$1491.94
272,Early,Lehrmann,75.212.33.186,3/21/2020,$581.02
273,Annalee,Greguoli,58.3.123.8,8/26/2019,$1384.79
274,Kitty,Giacubo,11.70.185.212,9/3/2019,$1285.79
275,Georgette,Langthorne,159.191.240.103,7/14/2019,$9.59
276,Yank,Dickey,192.115.106.234,4/27/2020,$1328.14
277,Jeanne,Crossthwaite,20.62.36.240,10/11/2019,$471.15
278,Galven,Wilcher,188.217.40.176,10/22/2019,$1648.03
279,Horten,Dwerryhouse,167.13.69.67,8/19/2019,$1970.41
280,Lise,Andor,214.122.75.82,1/16/2020,$1907.50
281,Lorry,Kensitt,71.112.98.5,12/24/2019,$794.92
282,Layney,Van Salzberger,164.38.155.93,3/13/2020,$110.71
283,Joachim,covino,43.46.132.94,9/13/2019,$716.44
284,Nanon,Hopkynson,29.75.158.148,12/22/2019,$517.34
285,Natassia,Ragate,142.221.222.83,11/24/2019,$76.77
286,Vergil,Denziloe,63.96.135.170,1/9/2020,$731.53
287,Becka,Hacket,203.160.42.125,10/15/2019,$137.04
288,Ignacius,Caff,144.192.171.66,8/27/2019,$1079.47
289,Wally,Sperski,76.229.37.72,3/27/2020,$250.23
290,Adi,Kinane,198.78.200.82,4/27/2020,$443.55
291,Kelcie,Mapholm,129.107.114.123,8/28/2019,$501.25
292,Edythe,Videler,58.188.158.175,5/12/2020,$202.78
293,Rik,Stukings,187.208.87.247,5/13/2020,$1983.25
294,Lewiss,Habens,181.203.91.156,6/7/2020,$1668.21
295,Pyotr,Rugiero,55.234.109.164,12/4/2019,$1150.46
296,Demetria,Zapatero,248.64.238.107,1/10/2020,$446.41
297,Alard,Maasz,157.82.90.24,3/24/2020,$980.07
298,Ashby,Deam,142.146.86.105,9/18/2019,$629.63
299,Smitty,Tugwell,52.90.133.185,10/28/2019,$147.75
300,Wood,Lorenzin,69.247.101.104,10/31/2019,$292.51
301,Isabella,Cino,0.179.23.52,3/21/2020,$1774.55
302,Normie,Roze,223.224.129.31,1/2/2020,$1819.50
303,Amandi,Cheek,10.43.218.172,11/28/2019,$930.10
304,Raff,Epton,79.65.121.30,4/25/2020,$1929.00
305,Merissa,Oherlihy,46.80.84.122,4/27/2020,$1487.92
306,Bette,Tudhope,228.43.2.232,9/15/2019,$866.94
307,Corbett,Jukubczak,144.75.59.13,4/26/2020,$71.80
308,Sibby,McMillan,26.184.57.106,9/13/2019,$1682.42
309,Rodrique,Wigin,200.185.54.254,10/28/2019,$555.66
310,Crystal,Smullin,79.189.29.165,9/14/2019,$1059.03
311,Margette,Butrimovich,48.171.175.223,7/15/2019,$619.57
312,Madeline,Salomon,229.220.5.205,1/6/2020,$462.74
313,Loise,Provost,127.190.87.192,12/26/2019,$1096.16
314,Leighton,Peaden,141.27.179.63,6/17/2020,$1373.81
315,Tann,Sydney,83.171.146.58,6/23/2020,$1842.21
316,Shaw,Ducarne,155.116.180.55,9/22/2019,$1992.54
317,Adelheid,Tomaskunas,119.32.32.121,12/16/2019,$551.74
318,Whitaker,Dory,6.161.30.208,3/30/2020,$648.52
319,Denna,Gecks,73.140.89.174,4/20/2020,$392.27
320,Killie,Wilderspoon,123.8.211.39,12/9/2019,$1645.97
321,Lemmy,Blissitt,142.118.163.143,2/24/2020,$675.18
322,Jamima,Hebborne,56.207.26.180,9/21/2019,$1763.95
323,Kinna,Winman,210.127.76.125,11/19/2019,$1477.76
324,Libbey,Antonijevic,141.225.253.16,12/18/2019,$920.53
325,Kettie,Mechi,181.206.205.223,8/10/2019,$738.73
326,Kennith,Ricoald,236.122.211.37,4/26/2020,$1397.05
327,Alvinia,People,188.255.62.40,3/17/2020,$1862.54
328,Codi,Foulcher,239.131.250.109,7/10/2020,$1567.77
329,Keefer,Folkerd,239.3.238.177,8/6/2019,$881.83
330,Cos,Birmingham,94.237.39.36,12/23/2019,$1621.48
331,Jilli,Deacock,55.15.160.91,2/25/2020,$1639.55
332,Effie,Shrigley,179.202.184.6,12/25/2019,$1428.33
333,Betsy,Jerdan,148.19.39.84,11/11/2019,$497.45
334,Casar,Falkingham,225.253.147.102,5/13/2020,$1164.89
335,Birgit,Absolon,253.29.253.232,9/8/2019,$645.28
336,Homer,Slatcher,198.124.164.237,7/1/2020,$197.32
337,Verena,Hanhard,155.0.115.48,8/20/2019,$1607.63
338,Marla,Barthropp,30.190.154.59,2/20/2020,$1745.97
339,Alia,Greydon,17.83.85.180,7/24/2019,$1473.32
340,Lucy,Clout,94.193.245.227,9/11/2019,$681.58
341,Christophe,Clogg,227.142.204.188,3/4/2020,$324.14
342,Norby,Missington,21.0.249.12,7/31/2019,$1436.91
343,Welbie,Budd,109.216.199.78,6/28/2020,$413.76
344,Rudolfo,Shrawley,216.4.85.102,2/20/2020,$819.62
345,Carola,Guyver,218.147.187.159,10/15/2019,$804.78
346,Adamo,Noen,115.71.133.54,5/13/2020,$1461.33
347,Kaiser,Corrett,218.2.145.165,10/30/2019,$378.08
348,Kevan,Assante,218.120.56.1,10/13/2019,$557.78
349,Verne,MacFadin,69.78.88.103,5/22/2020,$929.31
350,Angelika,Lowde,39.64.11.136,3/12/2020,$1159.56
351,Julian,McFall,59.203.34.172,11/10/2019,$1688.92
352,Kerrill,Mendes,114.99.224.22,10/3/2019,$1384.76
353,Lauree,Whitty,94.0.236.82,9/18/2019,$766.21
354,Hagan,Woollons,137.86.242.26,8/28/2019,$534.04
355,Tarrah,Wyer,25.42.40.156,12/10/2019,$433.02
356,Tresa,Millins,124.34.181.14,4/22/2020,$1153.04
357,Claiborn,Ferronier,183.84.209.106,4/22/2020,$297.20
358,Elianore,Dormon,243.15.108.46,3/26/2020,$1442.25
359,Dael,Colhoun,21.115.11.25,9/12/2019,$997.50
360,Pasquale,Gillcrist,17.239.21.152,7/28/2019,$158.94
361,Cart,Crozier,30.9.189.171,10/18/2019,$958.67
362,Kala,Rickeard,211.199.164.73,2/22/2020,$1335.72
363,Martha,Mea,134.43.239.77,4/5/2020,$1543.97
364,Dione,Richley,166.98.95.81,11/2/2019,$460.30
365,Sig,Nourse,198.200.24.7,2/17/2020,$402.19
366,Bendick,Gallihawk,153.10.228.78,7/31/2019,$1732.13
367,Forbes,Kirsche,192.11.70.198,6/20/2020,$699.45
368,Ollie,Pendre,179.163.57.224,8/9/2019,$1399.56
369,Pedro,Higginbottam,120.123.217.10,10/16/2019,$879.24
370,Karil,Sparling,73.119.92.74,8/13/2019,$847.95
371,Reed,McWhin,221.83.76.253,1/22/2020,$899.92
372,Dru,Thumnel,14.29.218.108,4/27/2020,$1493.36
373,Kele,Maruska,215.121.58.11,11/18/2019,$1110.55
374,Cecil,Stollmeyer,54.111.151.89,10/7/2019,$534.72
375,Buiron,Hatje,136.176.228.70,6/16/2020,$838.69
376,Mickey,Formigli,110.120.211.18,4/24/2020,$309.00
377,Terence,Rikard,153.60.229.70,1/1/2020,$1239.38
378,Ninetta,Leavesley,124.163.18.15,7/21/2019,$454.05
379,Adella,Fulep,65.243.82.113,10/25/2019,$29.46
380,Ysabel,Cassella,54.16.238.103,9/19/2019,$1040.26
381,Mellisent,Wragg,113.85.232.52,4/5/2020,$1047.81
382,Rockwell,Darrow,213.95.31.13,11/24/2019,$1727.34
383,Ellynn,Ransome,33.236.232.68,12/26/2019,$183.32
384,Madel,Switzer,244.157.45.162,1/26/2020,$1895.46
385,Anette,Minchell,3.37.221.79,9/10/2019,$1324.83
386,Renee,Gommes,114.161.22.99,2/9/2020,$1247.82
387,Normand,Stooke,115.201.73.153,4/16/2020,$1433.83
388,Annalise,Ruddlesden,107.139.44.243,3/21/2020,$525.84
389,Nikolaos,Witherspoon,208.199.8.15,6/30/2020,$37.62
390,Yale,Drover,61.79.13.78,2/4/2020,$1507.28
391,Vivyan,Sealand,110.162.104.46,9/14/2019,$1845.04
392,Garvin,Akenhead,17.165.140.133,4/21/2020,$276.58
393,Opalina,Goodwin,175.196.69.171,7/9/2020,$1306.75
394,Yancey,Matissoff,57.91.161.140,6/22/2020,$1223.08
395,Wyatan,Ashworth,202.135.163.39,10/14/2019,$1482.29
396,Prentice,Deaconson,58.141.221.16,8/21/2019,$792.11
397,Ailbert,Spellesy,37.243.191.230,9/11/2019,$1900.10
398,Ailey,O'Nions,144.235.75.48,7/30/2019,$1763.53
399,Giles,Shewery,43.205.128.52,4/22/2020,$877.76
400,Ursa,Breach,114.151.33.66,7/17/2019,$1026.13
401,Gardie,Curneen,7.129.106.233,7/10/2020,$711.84
402,Cross,Blumer,251.163.192.43,10/8/2019,$553.27
403,Carma,Pidon,238.175.35.128,3/12/2020,$1757.01
404,Flor,Carriage,210.24.146.107,9/21/2019,$687.12
405,Dudley,Calway,243.234.197.51,4/14/2020,$1113.42
406,Bell,Bellhouse,249.68.1.84,6/11/2020,$1847.28
407,Jerry,Antyshev,165.213.118.12,12/20/2019,$328.19
408,Say,Pollendine,188.30.216.106,10/19/2019,$39.20
409,Juliane,Gillions,123.173.187.130,2/28/2020,$594.07
410,Janey,Fellona,240.51.80.94,9/17/2019,$711.11
411,Cristie,Snoxall,251.121.22.213,2/27/2020,$1027.49
412,Brock,Spadotto,232.141.68.243,12/14/2019,$1384.02
413,Rory,Farrimond,233.12.48.66,12/29/2019,$89.75
414,Howard,Dyson,108.21.186.127,12/6/2019,$1578.22
415,Desmond,Eam,191.129.224.56,3/1/2020,$1667.32
416,Pennie,Esome,33.91.34.64,3/11/2020,$273.63
417,Alica,Bytheway,231.250.193.241,9/1/2019,$1072.46
418,Floria,Curness,33.108.99.166,2/27/2020,$1725.51
419,Shannah,Rolance,155.244.236.206,1/7/2020,$1836.91
420,Francisco,Randall,127.97.167.158,6/19/2020,$579.05
421,Susette,Lanmeid,135.43.63.47,2/8/2020,$852.54
422,Auguste,Pollins,189.177.26.56,7/15/2019,$82.20
423,Adam,Kidgell,103.218.45.162,9/5/2019,$1153.75
424,Curr,Born,63.228.211.127,10/27/2019,$1152.04
425,Phillida,Robiot,66.181.116.240,4/8/2020,$567.82
426,Sylvia,Ottee,164.174.69.168,4/17/2020,$1871.61
427,Alisha,Mort,207.84.122.138,4/23/2020,$552.44
428,Ronica,Trigg,180.239.45.214,10/29/2019,$1227.19
429,Alecia,Erbe,68.226.219.213,5/14/2020,$1742.20
430,Saleem,Wiltsher,75.7.217.79,1/25/2020,$156.42
431,Hank,Corroyer,16.215.139.57,11/20/2019,$121.78
432,Cort,Shenfisch,117.180.117.159,11/26/2019,$49.62
433,Cirillo,Bertolin,116.15.213.126,3/17/2020,$1522.86
434,Gleda,Dubois,130.70.171.227,7/26/2019,$1572.34
435,Hill,Menico,111.174.157.190,2/6/2020,$1406.68
436,Taddeo,Fronks,87.210.98.14,11/26/2019,$431.85
437,Arluene,Kloster,110.169.2.63,6/10/2020,$646.79
438,Franklyn,Gilkes,249.181.110.69,10/27/2019,$28.88
439,Arabelle,Toombs,209.4.225.214,11/10/2019,$1479.94
440,Joan,Hembry,221.219.216.55,10/6/2019,$1672.75
441,Jaimie,Vicar,92.235.234.16,12/9/2019,$334.56
442,Amble,Feenan,12.210.205.242,3/27/2020,$1092.40
443,Sauncho,MacDougall,135.234.166.97,3/3/2020,$1774.62
444,Mimi,Levinge,50.146.235.2,6/5/2020,$1759.14
445,Chickie,McGeagh,13.140.225.249,10/12/2019,$799.80
446,Pearce,Loeber,133.130.14.4,7/25/2019,$1736.37
447,Shanna,Biddell,84.154.248.202,3/29/2020,$1525.53
448,Faydra,Kingwell,225.35.210.101,11/23/2019,$788.33
449,Emma,Limon,120.236.128.29,12/15/2019,$847.51
450,Amber,Cavilla,92.40.73.34,5/2/2020,$1588.88
451,Zia,Rigolle,199.161.60.148,3/8/2020,$49.81
452,Barbara-anne,Rodliff,141.232.64.82,1/26/2020,$1162.63
453,Dore,Haylock,89.74.168.164,12/2/2019,$1684.30
454,Leticia,Towl,101.131.242.102,5/29/2020,$1277.24
455,Christie,Bourdon,60.8.7.106,4/6/2020,$1411.07
456,Christina,Rhoades,128.1.101.178,4/24/2020,$1321.01
457,Yvonne,Karpmann,206.243.122.143,10/14/2019,$1014.26
458,Roddie,Sherwin,56.54.133.91,11/11/2019,$869.17
459,Mattie,Blowes,8.57.114.63,7/20/2019,$1705.83
460,Berton,Isgar,110.254.241.139,12/26/2019,$1053.81
461,Lexi,Patillo,30.36.190.50,6/8/2020,$1619.34
462,Wash,Pevie,81.219.112.30,12/29/2019,$90.73
463,Killie,Wyatt,76.27.125.158,10/7/2019,$1194.27
464,Gerry,Roast,218.87.52.146,3/7/2020,$721.59
465,Cad,Grasner,27.89.24.163,9/29/2019,$1857.99
466,Stevena,Rankine,244.215.134.41,1/19/2020,$647.85
467,Ruthie,Muslim,207.241.10.84,1/17/2020,$346.29
468,Darby,Pedwell,201.123.219.99,12/28/2019,$846.82
469,Jessica,Wulfinger,216.96.150.241,7/28/2019,$1970.67
470,Dru,Skoggins,77.102.160.230,6/22/2020,$219.75
471,Charyl,Nix,34.133.240.112,12/13/2019,$518.18
472,Gay,Olivetti,251.93.221.148,10/27/2019,$1872.30
473,Rosaline,Pearmine,25.82.10.215,10/19/2019,$1983.26
474,Corby,Corriea,74.121.49.146,3/25/2020,$921.16
475,Martica,Kiefer,176.148.144.79,2/22/2020,$1850.53
476,Darcy,McOrkil,134.234.75.131,11/14/2019,$341.33
477,Dorothy,Lamplough,71.182.205.58,5/18/2020,$30.53
478,Merrile,Sleite,155.175.72.79,2/29/2020,$381.57
479,Germain,Hritzko,100.230.219.206,5/14/2020,$1871.58
480,Valaria,Saltsberg,29.202.52.121,7/6/2020,$844.75
481,Ricca,Nuton,118.146.114.183,6/1/2020,$949.37
482,Cherish,Spedroni,220.216.4.234,9/15/2019,$726.11
483,Kimberli,Rudderham,149.142.57.65,3/16/2020,$734.27
484,Dotti,Dexter,198.8.220.218,10/22/2019,$1393.28
485,Ardis,Jouanot,205.153.52.242,11/27/2019,$995.41
486,Way,Bengefield,252.10.38.214,7/23/2019,$417.80
487,Shaun,Kirke,29.67.5.186,10/30/2019,$968.22
488,Thaine,Blueman,2.236.143.165,7/8/2020,$1771.98
489,Maggy,Ridsdale,70.127.40.195,5/31/2020,$742.85
490,Malorie,Maxwaile,205.109.165.69,5/2/2020,$7.72
491,Sadie,Slayford,120.64.248.73,5/30/2020,$1579.83
492,Selma,Flores,168.225.26.75,1/20/2020,$772.00
493,Deborah,Tolworthy,35.169.232.165,1/22/2020,$1925.32
494,Harvey,Laba,226.47.59.149,1/20/2020,$1670.24
495,Amity,Collyns,185.178.195.43,4/5/2020,$1750.98
496,Arleta,Pyner,133.22.131.59,5/20/2020,$167.87
497,Culley,Daunter,60.25.255.139,6/30/2020,$128.18
498,Broderic,Glowach,85.149.241.68,9/22/2019,$156.75
499,Raffaello,Mansuer,82.158.170.186,8/31/2019,$672.51
500,Allx,Malam,33.69.172.43,2/2/2020,$1634.09
501,Clementina,Tyzack,49.139.133.138,9/18/2019,$836.97
502,Celka,Ingle,49.209.74.196,12/13/2019,$1381.67
503,Quinta,Bradnick,173.216.64.81,1/16/2020,$544.86
504,Shannen,Downs,70.136.4.128,8/24/2019,$92.42
505,Randall,Walter,93.130.29.213,9/20/2019,$1873.41
506,Svend,Pinching,161.162.36.243,7/16/2019,$1969.74
507,Timmie,Jacomb,238.71.237.219,3/21/2020,$118.75
508,Shaughn,Futter,229.148.58.185,8/13/2019,$927.62
509,Salmon,Francescuccio,221.198.210.181,12/10/2019,$1168.47
510,Diane-marie,Turmell,109.12.64.199,1/10/2020,$518.24
511,Ruthy,Greeson,136.88.218.152,5/31/2020,$715.97
512,Vail,Hazlewood,154.98.207.107,10/11/2019,$947.14
513,Bettina,Enriquez,239.58.92.151,8/14/2019,$80.58
514,Gan,Stops,8.158.71.178,4/25/2020,$821.51
515,Aretha,Heenan,115.230.96.201,1/18/2020,$730.95
516,Casey,Bethel,250.219.255.13,5/19/2020,$1518.68
517,Gay,Dohmer,113.189.206.152,6/3/2020,$937.33
518,Tildie,Faughny,26.110.41.145,7/23/2019,$40.99
519,Sutherland,Quinnette,109.4.177.15,1/30/2020,$1454.02
520,Jane,Gundry,243.133.163.124,12/7/2019,$548.66
521,Mirabel,Schwandermann,134.230.69.153,9/17/2019,$1683.62
522,Rip,Echalie,226.131.160.112,8/12/2019,$1326.44
523,Gail,Greatex,17.209.180.122,10/3/2019,$182.18
524,Shara,MacVanamy,61.34.20.135,1/23/2020,$1051.23
525,Cornelle,Verling,231.213.171.31,1/1/2020,$194.84
526,Ondrea,McConachie,21.33.179.189,10/16/2019,$886.00
527,Noe,Simla,160.88.73.29,8/12/2019,$1941.14
528,Josephine,Willoway,81.135.218.62,12/11/2019,$877.31
529,Joaquin,Purver,249.254.99.104,11/12/2019,$336.15
530,Jandy,Jansson,74.95.174.50,9/11/2019,$643.40
531,Cheston,Woodhouse,82.148.210.81,4/12/2020,$355.51
532,Thornton,Gonet,208.4.201.23,11/27/2019,$776.87
533,Myrtie,Shalliker,52.105.178.157,7/15/2019,$1400.40
534,Shannon,Klimus,71.27.232.18,3/31/2020,$1895.42
535,Agustin,Pavis,151.249.239.171,5/13/2020,$158.44
536,Glen,Norkutt,1.250.226.136,11/14/2019,$1758.23
537,Lianna,Bockmann,107.153.55.188,6/5/2020,$1940.00
538,Herta,Vowdon,81.98.29.15,6/28/2020,$629.50
539,Selle,Hendonson,49.107.11.35,12/19/2019,$1844.02
540,Cordey,Dunmore,59.143.252.165,6/17/2020,$1909.45
541,Grady,Nottingham,33.10.211.224,4/16/2020,$1613.91
542,Erl,Dalgarnocht,254.47.101.2,7/15/2019,$512.48
543,Allison,Gell,134.83.251.44,9/25/2019,$1653.81
544,Pierrette,Mattersley,92.240.195.118,10/6/2019,$1128.05
545,Ignacio,Klainer,170.0.152.149,11/18/2019,$683.65
546,Sherlocke,Duckham,150.45.223.216,3/7/2020,$1908.43
547,Sydelle,Seide,252.223.239.220,1/31/2020,$371.38
548,Marcos,Ferre,221.52.216.75,2/20/2020,$1118.72
549,Kingsley,Angelo,93.22.161.76,4/9/2020,$1938.72
550,Deb,Billitteri,32.61.2.220,7/31/2019,$1573.23
551,Maressa,Palmar,181.125.121.189,1/5/2020,$940.60
552,Tabbi,Boutcher,221.203.161.177,12/16/2019,$1029.01
553,Gottfried,Llorente,21.243.230.176,7/6/2020,$733.77
554,Vida,Longson,175.23.185.189,4/8/2020,$612.73
555,Kinsley,Abele,111.237.114.11,3/30/2020,$1694.82
556,Belinda,Gowen,58.73.24.162,1/27/2020,$324.83
557,Forbes,Noteyoung,231.152.252.47,5/18/2020,$1259.41
558,Karlik,Antonovic,14.64.202.248,9/27/2019,$1737.57
559,Timoteo,Ewbanche,76.210.87.24,7/18/2019,$1003.95
560,Delcina,Milburne,191.166.136.116,4/9/2020,$1381.01
561,Gregor,Huntar,165.151.8.105,6/16/2020,$730.22
562,Anita,Prangley,201.176.60.37,2/3/2020,$787.80
563,Jolee,Card,226.240.190.117,4/16/2020,$1707.81
564,Amata,Irlam,195.194.250.175,2/17/2020,$477.40
565,Belva,Kull,61.125.44.195,2/11/2020,$62.24
566,Davita,Ousby,119.84.178.110,12/30/2019,$696.76
567,Sharona,O'Dowgaine,128.72.14.92,5/4/2020,$94.72
568,Gaye,Mangham,80.159.149.182,2/6/2020,$621.48
569,Rodd,Wattingham,248.195.38.61,4/2/2020,$187.79
570,Patience,Franck,154.158.76.74,3/7/2020,$397.56
571,Wesley,Stebbings,229.141.178.173,12/9/2019,$888.04
572,Dolf,Fiddymont,36.42.227.161,7/11/2020,$1854.86
573,Clark,Glover,164.156.188.177,9/7/2019,$106.37
574,Dorette,Gossart,239.28.236.136,8/22/2019,$1079.32
575,Adrea,Bass,119.29.223.100,7/23/2019,$409.45
576,Agnella,Embery,138.233.225.12,2/10/2020,$1929.76
577,Jobye,Osselton,94.70.146.98,3/4/2020,$1857.74
578,Cori,Burstow,224.91.110.159,7/14/2019,$33.10
579,Kizzie,Frugier,47.193.152.13,4/4/2020,$622.84
580,Caresse,Purse,94.93.105.163,9/7/2019,$1391.82
581,Ogden,Dencs,208.236.175.186,6/8/2020,$1477.45
582,Margy,Michallat,168.61.137.137,8/15/2019,$22.32
583,Waylin,Van Weedenburg,167.236.144.21,8/15/2019,$1819.66
584,Willie,Vallery,115.83.118.221,6/18/2020,$1648.86
585,Lynnett,Emeny,136.167.32.147,12/17/2019,$974.42
586,Tandie,Kelley,124.122.201.93,3/3/2020,$1354.64
587,Aridatha,Nials,78.130.73.206,12/7/2019,$1151.01
588,Schuyler,Allwell,30.47.148.74,1/7/2020,$909.45
589,Juanita,Sherrington,181.14.252.184,7/9/2020,$734.79
590,Elfrieda,Varcoe,17.96.56.205,11/5/2019,$1179.86
591,Mufinella,Gorghetto,129.94.239.127,10/11/2019,$940.29
592,Briano,Markwelley,140.83.157.124,6/15/2020,$118.59
593,Avril,Dumper,230.9.21.64,4/9/2020,$1113.89
594,Harley,Halloway,187.149.197.216,6/20/2020,$1767.13
595,Trumaine,Trott,55.165.145.46,7/3/2020,$1086.80
596,Reggy,Widocks,20.53.242.44,5/6/2020,$1576.67
597,Devina,Norheny,242.227.1.19,5/14/2020,$186.01
598,Maire,Leroux,110.237.41.171,10/4/2019,$1866.32
599,Berny,Phelips,212.129.159.108,9/22/2019,$985.41
600,Muffin,Ledgerton,117.24.81.76,9/14/2019,$813.28
601,Niven,Chewter,13.225.130.169,1/3/2020,$115.34
602,Dilly,Keirl,148.197.228.15,6/1/2020,$1634.18
603,Nyssa,Stevani,227.106.87.143,2/2/2020,$564.14
604,Goldarina,Mattholie,253.210.128.76,12/19/2019,$534.83
605,Monah,Bellew,81.12.243.127,12/2/2019,$1108.92
606,Beulah,Sallery,54.194.222.201,2/21/2020,$1319.46
607,Klement,Aloway,122.45.70.24,6/30/2020,$1559.65
608,Averill,Choat,48.227.22.61,5/1/2020,$341.69
609,Roshelle,Giorgione,15.155.38.244,4/22/2020,$912.82
610,Agustin,Falloon,4.56.204.169,1/26/2020,$464.79
611,Iolanthe,Knights,71.96.30.43,3/4/2020,$868.15
612,Willabella,Jimes,32.8.91.74,3/1/2020,$817.15
613,Sonnnie,Budnik,225.21.224.180,3/26/2020,$699.94
614,Bernice,Franzettoini,113.160.51.124,1/14/2020,$1504.63
615,Byran,Boorman,22.57.75.173,5/14/2020,$1205.99
616,Thorvald,Lissett,159.165.85.192,4/5/2020,$1461.14
617,Padraig,Kopf,101.13.19.103,8/26/2019,$238.86
618,Elwood,Mole,46.149.103.73,10/26/2019,$1208.34
619,Cris,Vigus,143.249.12.58,10/26/2019,$1702.58
620,Chrissy,Reddyhoff,2.5.163.104,10/9/2019,$491.08
621,Valenka,Ferrini,161.53.215.121,12/5/2019,$24.83
622,Arnaldo,Rickeard,253.43.221.134,6/23/2020,$527.24
623,Candi,Ralling,108.207.129.179,5/13/2020,$331.03
624,Willie,Liggins,246.82.97.208,11/3/2019,$1388.04
625,Christy,Pinar,38.79.196.249,8/29/2019,$80.99
626,Veronique,Ruslin,29.237.180.31,9/9/2019,$999.10
627,Amil,Sillick,32.117.191.10,8/29/2019,$418.97
628,Melanie,Gleeton,252.56.25.213,6/6/2020,$1645.25
629,Lanae,Jordan,40.77.235.33,4/25/2020,$1527.37
630,Candida,Farguhar,110.34.0.195,4/28/2020,$1935.21
631,Darcie,McKenney,189.92.178.54,3/27/2020,$1198.36
632,Rudy,Malthouse,71.52.48.236,4/25/2020,$1187.61
633,Lu,O'dell,18.65.253.88,10/22/2019,$1334.08
634,Nichol,Bretherick,151.210.75.222,4/16/2020,$1340.05
635,Rip,Bowles,183.193.60.22,12/19/2019,$492.61
636,Elton,Werndley,58.106.151.95,6/17/2020,$1423.83
637,Geralda,Anslow,74.202.219.5,1/14/2020,$747.67
638,Nolan,Cadany,237.250.2.227,4/26/2020,$878.33
639,Elysha,Serrell,85.75.148.46,6/25/2020,$109.27
640,Tiffie,Collomosse,73.231.7.59,3/13/2020,$1351.15
641,Sianna,Slides,12.90.120.86,6/12/2020,$731.89
642,Sutton,Hasnney,140.111.60.124,10/27/2019,$1241.81
643,Marja,Arents,160.174.244.213,8/7/2019,$840.47
644,Cordell,McCardle,29.122.125.253,10/8/2019,$755.45
645,Wendall,Jouanot,236.16.253.56,8/9/2019,$1025.09
646,Claribel,Linklater,105.25.142.11,11/23/2019,$1890.29
647,Brody,Renfree,128.32.154.58,4/1/2020,$27.08
648,Claretta,McNern,245.223.152.226,4/29/2020,$630.73
649,Amitie,Beldom,29.115.225.58,10/24/2019,$1627.12
650,Gabby,Marflitt,113.175.200.187,6/6/2020,$25.35
651,Oswell,McElrath,89.73.159.80,8/27/2019,$991.21
652,Steffie,Spearman,128.142.22.199,5/3/2020,$345.82
653,Suzanna,Stanlack,62.179.95.166,2/25/2020,$1551.35
654,Fairleigh,Benoi,46.84.205.254,11/8/2019,$1866.24
655,Katy,Derrell,27.94.244.172,7/24/2019,$751.47
656,Enrica,Aggott,28.212.207.31,4/8/2020,$1727.46
657,Erastus,Taylder,139.116.97.7,9/6/2019,$876.42
658,Hagan,Dionsetto,221.147.120.82,4/3/2020,$1685.50
659,Chaddy,Vowles,231.78.159.17,5/10/2020,$55.88
660,Spenser,Renouf,128.193.34.167,5/23/2020,$232.65
661,Cordelia,Mercey,42.248.217.87,6/27/2020,$1354.84
662,Hermie,Bernini,158.165.73.152,9/2/2019,$1988.94
663,Tab,Dansken,217.114.117.80,5/20/2020,$1055.54
664,Idalia,Kersaw,135.132.11.133,3/22/2020,$1264.23
665,Kendre,Beaudry,151.10.107.187,2/19/2020,$1233.41
666,Evvy,McCuffie,232.249.252.189,11/19/2019,$124.22
667,Frederic,Gayther,178.234.131.214,12/18/2019,$312.98
668,Andee,MacHoste,10.109.14.154,4/19/2020,$1479.85
669,Frederik,Ratcliffe,56.97.15.158,12/27/2019,$87.68
670,Alessandro,Absolon,111.159.21.127,8/25/2019,$93.05
671,Kriste,Tippett,222.125.135.206,12/25/2019,$1375.91
672,Zedekiah,Horbart,127.173.161.176,1/5/2020,$1340.83
673,Svend,Featherby,106.190.64.4,9/9/2019,$980.65
674,Winfred,Pardue,21.87.250.213,5/20/2020,$914.04
675,Blake,Arlett,245.150.126.31,12/10/2019,$1009.32
676,Tyson,Ingyon,150.144.202.45,12/31/2019,$1062.63
677,Tadeas,Jahnel,195.34.193.158,2/4/2020,$1876.04
678,Bondy,Braithwaite,102.9.168.145,7/29/2019,$1089.91
679,Odille,Morena,186.151.69.138,6/8/2020,$1848.76
680,Leonard,Titheridge,162.135.183.237,8/18/2019,$204.82
681,Anabal,Garshore,182.149.66.151,6/12/2020,$1229.39
682,Guendolen,Breedy,81.159.29.164,9/1/2019,$196.85
683,Shannon,Bullick,14.14.92.232,2/19/2020,$1289.72
684,Tabby,Noad,220.146.42.95,5/1/2020,$438.67
685,Lacee,Cappleman,168.215.123.76,1/21/2020,$1278.58
686,Willie,Egdale,194.61.209.5,4/26/2020,$217.59
687,Theresa,Topping,218.67.16.142,7/16/2019,$161.52
688,Emmalynne,Rumens,149.41.210.101,3/1/2020,$1780.77
689,Valera,Olsson,151.188.39.47,8/23/2019,$118.55
690,Elly,Mathelin,177.59.157.82,11/27/2019,$1608.01
691,Guy,Ambrosio,109.192.150.79,2/13/2020,$930.62
692,Gordan,Litzmann,147.220.253.126,11/23/2019,$603.27
693,Lothario,Blaksley,24.30.99.171,11/30/2019,$265.53
694,Adel,Roantree,200.64.20.96,2/6/2020,$1939.57
695,Barn,Trainer,71.201.116.201,2/22/2020,$170.57
696,Killian,Dove,194.48.227.233,11/23/2019,$887.57
697,Alvina,Niess,102.85.209.138,11/18/2019,$63.05
698,Byrann,Lockyer,179.18.45.144,4/21/2020,$1500.67
699,Kara-lynn,Lidington,101.98.21.53,9/10/2019,$1093.10
700,Horacio,Staning,1.47.199.17,4/15/2020,$927.90
701,Carleen,Cases,73.246.127.171,6/19/2020,$428.08
702,Natala,Demongeot,75.216.112.74,7/4/2020,$1588.25
703,Annabela,Woolerton,107.71.79.91,1/15/2020,$649.28
704,Miller,Ashburner,22.16.251.0,1/5/2020,$1515.28
705,Monah,Poppleton,160.186.209.154,2/19/2020,$78.61
706,Cori,George,85.253.152.136,8/6/2019,$325.08
707,Oliver,Balaisot,174.223.44.130,2/16/2020,$355.30
708,Dunc,Plaschke,68.86.194.95,1/30/2020,$963.25
709,Susanetta,Holdron,41.141.110.138,5/19/2020,$692.67
710,Linn,Batty,112.98.254.120,2/1/2020,$1750.33
711,Zuzana,Cours,16.192.4.42,5/26/2020,$48.80
712,Kalil,Beldom,248.194.14.168,3/30/2020,$678.34
713,Leif,Zipsell,67.134.198.29,8/3/2019,$288.38
714,Allx,Ripon,61.131.224.176,11/4/2019,$478.06
715,Patty,Stodhart,231.201.185.12,11/22/2019,$1395.95
716,Justis,Huncoot,110.193.147.187,8/25/2019,$451.70
717,Mareah,Ferrant,248.169.151.14,1/22/2020,$1518.30
718,Scotty,Brettor,241.65.122.3,7/5/2020,$1259.19
719,Pete,Jentgens,16.6.159.110,1/31/2020,$729.77
720,Kala,Pidler,145.150.161.121,5/31/2020,$485.33
721,Ondrea,Keerl,219.173.159.5,5/31/2020,$1977.82
722,Ulick,Mallabund,232.19.150.66,3/6/2020,$1923.97
723,Daphene,Deyenhardt,139.67.1.65,11/19/2019,$1103.09
724,Annice,Poat,3.147.97.36,11/28/2019,$1867.95
725,Brock,Pentycross,231.12.69.207,8/18/2019,$587.02
726,Arthur,Stannislawski,95.130.158.166,2/6/2020,$959.36
727,Andre,Boice,83.23.72.183,11/1/2019,$200.63
728,Shandy,Kantor,57.100.228.97,4/13/2020,$957.55
729,Fred,Manueli,223.25.97.226,2/18/2020,$83.16
730,Matthew,Gurnay,251.145.231.93,9/27/2019,$217.00
731,Whit,Cowup,71.184.246.133,6/30/2020,$516.27
732,Deb,Winram,39.207.30.6,3/9/2020,$1395.13
733,Salomo,Beri,217.173.164.220,12/9/2019,$1512.25
734,Ebonee,Bolte,40.52.112.42,6/15/2020,$1068.34
735,Sibelle,Guess,181.207.200.199,4/23/2020,$215.19
736,Avram,Ashleigh,82.201.131.162,4/26/2020,$658.33
737,Gerladina,Witherden,62.206.59.251,9/3/2019,$1633.67
738,Eziechiele,Sanchez,153.217.224.155,7/4/2020,$180.27
739,Darnell,Tunnick,42.28.59.120,1/8/2020,$1903.50
740,Edythe,Casper,43.41.219.214,4/23/2020,$1714.23
741,Garth,Blyde,17.245.45.202,11/14/2019,$1984.07
742,Jobina,Fitzroy,218.27.108.89,2/20/2020,$914.35
743,Nathalie,Casassa,172.250.176.137,10/31/2019,$230.57
744,Nadeen,Gaukrodge,177.197.43.12,12/19/2019,$917.12
745,Audrey,Kornilov,245.41.117.153,5/9/2020,$347.38
746,Ashton,Measor,65.85.248.98,5/28/2020,$1422.85
747,Portia,Otteridge,172.67.61.176,1/19/2020,$919.11
748,Ellsworth,Iorns,72.1.130.101,12/17/2019,$574.90
749,Brennan,Stollberger,118.110.209.110,6/27/2020,$888.39
750,Neron,Eastam,102.51.40.95,1/16/2020,$220.02
751,Gertruda,Keher,138.216.100.252,8/25/2019,$1675.07
752,Clemmie,Gronaller,16.0.143.171,5/22/2020,$119.87
753,Rhodie,Andrault,101.8.103.221,3/4/2020,$1678.02
754,Gradeigh,Wight,138.185.114.232,10/18/2019,$1543.10
755,Lemar,Seadon,206.45.57.246,9/7/2019,$589.35
756,Margareta,Arend,226.224.136.151,10/10/2019,$151.42
757,Gauthier,Beetham,240.64.174.59,2/24/2020,$711.02
758,Jody,Tosh,179.47.189.220,7/19/2019,$919.02
759,Tobe,Darbon,86.106.241.141,3/3/2020,$1569.53
760,Maryjo,Crossthwaite,179.69.182.65,12/6/2019,$471.13
761,Gerta,Fairley,121.168.118.203,6/1/2020,$616.58
762,Jacquetta,Fraanchyonok,155.21.111.177,7/3/2020,$1961.89
763,Devon,Faunch,79.170.115.235,1/19/2020,$1933.00
764,Noelyn,Davenport,21.232.219.207,9/8/2019,$1524.63
765,Jennette,Cubbit,61.91.51.63,6/5/2020,$1337.53
766,Antonino,Huckabe,250.121.150.25,12/7/2019,$851.66
767,Wilow,Guise,30.212.98.145,8/19/2019,$408.41
768,Dalia,Wheater,46.197.229.244,6/3/2020,$1943.64
769,Mira,Andino,150.214.231.165,12/3/2019,$875.08
770,Nada,O'Hern,120.130.25.243,3/4/2020,$411.57
771,Cully,Von Oertzen,72.230.71.172,1/7/2020,$1885.96
772,Carlyle,Climpson,205.66.247.91,10/26/2019,$282.13
773,Delcina,Abelwhite,214.49.217.7,12/1/2019,$1136.41
774,Truda,Nijssen,12.119.57.192,1/9/2020,$206.03
775,Ogdon,Sweetzer,158.238.159.152,2/23/2020,$791.26
776,Daloris,Alenshev,228.15.156.96,11/21/2019,$1288.12
777,Tabor,Dominico,94.66.202.206,4/25/2020,$1663.09
778,Hunt,Kuhn,68.137.39.103,9/27/2019,$1652.10
779,Boot,Skyner,94.63.82.138,1/6/2020,$1324.50
780,Tobey,Easeman,73.215.116.36,2/23/2020,$1701.22
781,Gawain,Hollyman,100.107.88.41,6/15/2020,$1209.13
782,Lorenzo,Webborn,213.232.11.184,8/6/2019,$1226.89
783,Grete,Phlippi,153.174.242.67,11/4/2019,$67.87
784,Dreddy,Cruddas,97.172.221.239,11/29/2019,$453.65
785,Vin,Owers,24.18.187.184,2/29/2020,$1274.82
786,Raddy,Downie,192.209.48.251,3/16/2020,$1627.57
787,Hunt,Scothern,157.212.154.135,1/9/2020,$1660.93
788,Shaw,Castaneda,129.153.180.28,5/12/2020,$1044.20
789,Siana,Cosgreave,109.44.61.50,9/17/2019,$1874.71
790,Phil,Folbige,232.132.107.135,4/9/2020,$1964.87
791,Nikos,Kenen,56.125.171.38,1/3/2020,$378.11
792,Tabina,Shmyr,231.119.54.251,9/15/2019,$669.11
793,Chrisse,Beed,47.75.130.180,4/13/2020,$983.97
794,Althea,Farrer,82.79.197.126,7/31/2019,$1123.70
795,Bert,Dumberrill,136.196.204.160,4/10/2020,$880.34
796,Dominik,Milland,62.228.67.180,9/12/2019,$1603.77
797,Michell,Winch,161.157.35.49,11/23/2019,$118.20
798,Mariya,Kosiada,137.58.83.143,4/30/2020,$1627.26
799,Herve,Sapwell,191.163.174.65,8/22/2019,$1803.99
800,Hobey,Ferencowicz,87.47.11.69,6/1/2020,$706.67
801,Nadean,Dolden,86.177.61.145,7/12/2020,$668.71
802,Lucy,Flude,72.90.155.59,4/28/2020,$1882.61
803,Denni,Crassweller,224.242.46.23,8/13/2019,$148.17
804,Fina,Gozney,144.98.190.99,8/10/2019,$769.55
805,Stafford,Logesdale,49.51.91.196,6/21/2020,$1798.27
806,Barnabas,O Mullen,94.80.80.75,1/1/2020,$1137.85
807,Jarvis,Josefsson,153.212.173.171,8/16/2019,$797.09
808,Peder,Bellanger,206.166.25.226,5/24/2020,$1320.71
809,Pietrek,Waddingham,33.17.240.117,10/3/2019,$1772.02
810,Slade,Arrandale,125.168.47.231,6/28/2020,$1347.13
811,Ingaberg,Shreeve,245.83.207.122,8/17/2019,$1312.91
812,Dionne,Brussell,18.128.232.206,5/25/2020,$1021.35
813,Elicia,Storrah,31.236.175.115,10/12/2019,$433.07
814,Rickey,Mawne,224.61.199.56,4/14/2020,$1560.70
815,Madeleine,Linder,248.184.33.224,1/20/2020,$725.76
816,Arleta,Sperling,153.253.191.124,8/16/2019,$140.03
817,Dottie,Lilleycrop,186.162.66.247,4/1/2020,$1502.69
818,Elsi,McPeeters,63.233.229.25,6/23/2020,$1475.38
819,Viva,McPhelimey,104.109.190.44,10/6/2019,$1264.44
820,Padraig,Bath,76.105.27.15,3/6/2020,$1317.05
821,Camellia,Watford,200.245.155.81,12/12/2019,$278.47
822,Manny,Partkya,91.100.128.89,5/13/2020,$103.57
823,Casey,Gabrieli,61.169.10.177,6/20/2020,$986.22
824,Simone,Gilogly,243.231.194.32,6/19/2020,$643.81
825,Teodora,Edgington,93.206.147.20,1/16/2020,$1653.17
826,Xenos,Dast,82.15.46.28,10/29/2019,$564.09
827,Gaston,Flement,167.42.44.206,9/7/2019,$1610.86
828,Arlyn,Tungate,52.60.154.184,9/1/2019,$1076.57
829,Melisandra,Kiebes,67.126.99.111,2/18/2020,$340.61
830,Debi,Wadforth,248.219.215.113,11/13/2019,$516.09
831,Florida,Bendixen,90.165.116.214,6/7/2020,$1702.05
832,Waldon,Featonby,162.71.168.168,6/24/2020,$716.64
833,Fax,Cockrell,206.123.171.98,12/15/2019,$782.62
834,Keriann,Rourke,171.181.129.40,12/5/2019,$343.93
835,Mireielle,Tomek,201.0.70.45,11/24/2019,$369.05
836,Dinnie,Greedy,167.118.74.180,7/7/2020,$1360.48
837,Aloisia,De Mitris,56.20.93.69,4/25/2020,$1477.14
838,Catlin,Perfect,199.216.115.130,2/2/2020,$1715.30
839,Tobe,Salman,233.232.148.93,3/6/2020,$688.47
840,Sheilakathryn,MacDonough,144.212.176.96,10/11/2019,$1010.98
841,Eustace,Hook,133.94.47.164,8/21/2019,$1081.25
842,Nerty,Humber,220.25.140.110,11/16/2019,$387.08
843,Reade,Westell,148.34.154.58,8/30/2019,$1971.18
844,Nicola,Kunkel,235.168.38.253,1/21/2020,$538.85
845,Buffy,Grichukhin,125.200.121.23,9/3/2019,$1246.65
846,Daile,Wolfenden,138.114.105.111,3/10/2020,$1720.69
847,Dion,Hofler,223.100.252.18,12/16/2019,$1339.27
848,Park,Ofener,47.250.195.61,11/30/2019,$454.55
849,Nananne,Wrightham,189.59.99.214,10/21/2019,$572.16
850,Alexis,Adhams,147.143.94.210,10/1/2019,$350.58
851,Hamel,Axleby,208.197.175.204,1/9/2020,$1152.53
852,Boot,Sherel,90.115.228.57,11/19/2019,$72.86
853,Minerva,Lammin,69.251.233.73,2/29/2020,$707.50
854,Isac,Mapam,65.162.33.232,10/13/2019,$1508.49
855,Ivett,Greensmith,191.204.8.223,4/16/2020,$1237.81
856,Mirilla,Boorn,130.132.219.49,12/25/2019,$1090.77
857,Kial,Evenett,255.20.8.26,9/12/2019,$661.75
858,Jena,Bottell,87.197.238.204,12/1/2019,$125.44
859,Quent,Scading,28.25.229.201,9/12/2019,$16.45
860,Ludovico,McIlreavy,230.31.128.177,4/4/2020,$1967.24
861,Estelle,Suffield,198.177.128.205,5/12/2020,$576.26
862,Crin,Aslin,225.68.180.152,12/27/2019,$1813.33
863,Odele,Allbrook,202.222.234.84,2/2/2020,$480.64
864,Sol,Belasco,3.234.18.243,6/2/2020,$75.58
865,Ketti,McGowan,13.35.203.234,6/29/2020,$1727.54
866,Mortimer,Rattrie,142.120.243.227,3/18/2020,$1890.66
867,Marylee,Mylan,1.133.19.143,4/14/2020,$773.35
868,Ronda,Mapowder,113.153.120.244,3/6/2020,$415.47
869,Jae,Secret,178.177.32.41,6/4/2020,$321.43
870,Sallyanne,Quested,36.148.53.104,11/5/2019,$144.67
871,Stanley,Mosson,215.32.139.200,6/12/2020,$533.99
872,Demetri,Rickert,80.220.204.109,3/14/2020,$1086.91
873,Vivyanne,Keedwell,165.229.70.55,11/27/2019,$1311.85
874,Elnore,Muzzini,185.199.126.143,5/26/2020,$1027.13
875,Samaria,McClifferty,232.229.192.203,8/1/2019,$635.10
876,Madeleine,Tather,56.13.15.166,9/8/2019,$107.00
877,Maurice,Cathery,233.116.155.186,3/22/2020,$426.21
878,Gerta,Belamy,70.196.204.146,10/16/2019,$77.53
879,Pearla,Edsall,55.154.93.3,10/8/2019,$564.63
880,Caspar,Starr,202.106.62.208,1/30/2020,$1939.69
881,Magda,Whieldon,247.27.69.247,8/16/2019,$11.09
882,Jenna,Littlemore,134.139.28.44,11/10/2019,$571.69
883,Ellerey,Bellay,87.210.84.186,12/23/2019,$1250.42
884,Barret,Pipe,17.7.39.147,11/3/2019,$751.46
885,Betta,Bollands,45.221.247.27,3/19/2020,$1080.35
886,Hatty,Scandroot,121.104.32.60,10/20/2019,$427.76
887,Alleen,Sickling,200.95.208.218,6/26/2020,$193.45
888,Miner,Mattea,152.129.111.148,3/29/2020,$967.70
889,Guthrey,Ancell,149.22.104.104,3/25/2020,$331.18
890,Tara,Trethewey,29.131.65.94,6/12/2020,$214.62
891,Vincents,Strangeway,70.23.204.250,8/7/2019,$258.35
892,Charles,Caris,98.117.84.149,9/9/2019,$927.70
893,Grove,Powland,83.204.106.245,12/8/2019,$696.56
894,Consolata,Flute,48.221.3.0,9/10/2019,$1004.99
895,Bernhard,Clift,14.92.198.154,6/15/2020,$1194.73
896,Renado,Clink,42.10.116.68,5/17/2020,$1894.48
897,Hendrick,Martello,164.102.247.125,5/23/2020,$745.56
898,Tatiania,Jarrold,35.225.99.60,8/8/2019,$254.69
899,Urbanus,Braban,125.199.30.22,10/11/2019,$1439.95
900,Bianca,Paff,37.220.139.10,12/7/2019,$1597.36
901,Carline,Bremley,157.221.254.43,1/2/2020,$262.43
902,Wilmette,Hast,3.229.92.180,8/30/2019,$518.22
903,Barthel,Terren,230.242.97.150,1/1/2020,$1652.73
904,Haleigh,D'Oyly,239.202.49.201,1/4/2020,$1722.16
905,Hazel,Belliveau,216.241.51.15,9/16/2019,$360.49
906,Jessee,O'Caine,111.214.145.68,9/30/2019,$1242.62
907,Evelina,Whittlesee,143.97.194.29,6/14/2020,$712.02
908,Flossie,Wickrath,0.123.65.9,2/21/2020,$1117.35
909,Cameron,Feaks,230.104.77.246,1/1/2020,$755.16
910,Flory,Plaskett,247.190.187.142,1/25/2020,$1508.04
911,Michale,Shevell,167.121.180.16,1/9/2020,$709.42
912,Madel,Dofty,155.140.40.123,8/8/2019,$715.10
913,Aviva,Stannering,154.254.247.73,7/28/2019,$939.91
914,Ericka,Ateridge,108.19.46.119,7/21/2019,$431.61
915,Zorine,Prando,241.103.250.4,5/23/2020,$1566.21
916,Amanda,Rolston,28.85.72.215,9/23/2019,$1194.53
917,Erika,Gendrich,188.181.91.88,12/10/2019,$1790.67
918,Marco,Giron,174.168.35.98,12/25/2019,$258.95
919,Vasili,Waldie,188.73.111.255,7/20/2019,$1409.26
920,Carlynne,Lorden,155.225.76.253,11/1/2019,$497.70
921,Kristen,Guitte,74.164.131.55,8/18/2019,$151.28
922,Shae,Travis,7.38.197.94,6/18/2020,$410.94
923,Lynne,Gumby,144.99.67.250,10/30/2019,$1543.18
924,Renault,Ondrak,215.139.157.44,12/20/2019,$848.93
925,Rinaldo,Shobrook,173.20.216.81,7/23/2019,$59.50
926,Noni,Greeve,153.98.250.97,9/21/2019,$1501.40
927,Sully,Tebbet,112.228.120.34,9/11/2019,$1539.12
928,Harriett,Bonnefin,13.114.240.160,11/30/2019,$1338.80
929,Georgetta,Siene,159.9.114.30,7/26/2019,$927.07
930,Thelma,Smickle,73.227.174.76,11/4/2019,$317.71
931,Noami,Akehurst,76.47.231.241,10/19/2019,$1358.20
932,Koren,Tanswill,9.229.80.200,5/21/2020,$282.38
933,Corenda,Aery,88.129.148.96,2/1/2020,$1829.64
934,Tori,Bakeup,203.253.253.91,6/8/2020,$793.59
935,Marwin,Clowney,29.219.64.115,2/15/2020,$1165.03
936,Tedmund,Bent,37.127.140.224,7/30/2019,$236.74
937,Gregg,Cuolahan,149.44.95.233,11/10/2019,$955.39
938,Brandais,Bartos,197.241.10.187,12/3/2019,$953.18
939,Damian,Pinching,53.101.24.118,12/13/2019,$1477.78
940,Lucille,Galiero,220.114.124.225,10/1/2019,$220.04
941,Rockie,Parsisson,196.255.202.183,12/15/2019,$538.75
942,Corabel,Palphreyman,63.116.199.237,5/3/2020,$468.64
943,Adela,Bea,44.176.72.237,4/16/2020,$1223.09
944,Theodosia,Rowan,4.115.114.199,2/14/2020,$689.05
945,Libbey,Ilchuk,159.140.217.188,8/22/2019,$483.33
946,Lanita,Pates,232.79.100.187,8/24/2019,$1782.66
947,Kliment,Smoote,72.166.55.36,9/15/2019,$1872.19
948,Mickey,Heddy,25.226.31.155,11/29/2019,$734.95
949,Poppy,Devin,133.205.47.56,4/30/2020,$1225.50
950,Porter,Marsden,178.107.29.3,9/9/2019,$987.97
951,Kassie,Titheridge,27.224.20.211,1/14/2020,$144.71
952,Masha,Handaside,84.192.135.242,1/27/2020,$1395.34
953,Ailee,Packham,180.54.62.12,5/10/2020,$319.93
954,Lotti,Pidgen,87.223.190.11,7/6/2020,$650.28
955,Elissa,Hinzer,160.196.214.88,7/27/2019,$604.40
956,Horatio,Moynihan,71.60.80.63,11/18/2019,$1340.75
957,Linet,Yekel,85.176.73.141,10/18/2019,$1656.11
958,Anica,Rathborne,84.134.102.194,8/8/2019,$1635.73
959,Petunia,Loudiane,159.192.203.189,5/29/2020,$1623.10
960,Sara-ann,Oliff,198.194.245.214,6/16/2020,$1673.23
961,Nicolai,Lightwood,167.21.8.93,12/15/2019,$1036.82
962,Kristel,Essam,171.140.112.107,11/7/2019,$155.04
963,Milt,Russo,14.250.249.148,3/4/2020,$1990.68
964,Abrahan,Goodding,45.85.111.184,7/12/2020,$404.36
965,Munmro,Dimsdale,253.178.94.13,7/12/2020,$1497.44
966,Nelle,Pues,87.142.115.229,10/3/2019,$1462.09
967,Eada,Placstone,38.202.160.69,4/18/2020,$287.87
968,Olly,Attree,58.230.42.141,9/27/2019,$270.13
969,Conroy,Brookbank,95.210.194.85,9/8/2019,$1019.71
970,Roland,Yanuk,100.147.209.162,8/13/2019,$336.01
971,Maurise,Di Domenico,36.39.183.112,5/19/2020,$1104.20
972,Adams,Haquin,90.170.124.244,12/27/2019,$761.07
973,Sutton,Rosina,177.9.130.139,3/6/2020,$289.81
974,Henryetta,Wrates,136.147.46.141,7/3/2020,$148.82
975,Erl,Chappell,36.17.148.125,10/18/2019,$1494.98
976,Rosanne,Deary,41.42.0.218,4/24/2020,$1490.85
977,Sheree,Battey,183.196.85.146,3/10/2020,$201.42
978,Will,McGonagle,95.113.95.232,12/23/2019,$26.98
979,Bren,Uttridge,165.16.58.158,1/31/2020,$426.09
980,Lia,Waulker,132.92.222.53,2/15/2020,$1708.87
981,Shannah,Furtado,121.166.200.54,8/28/2019,$415.19
982,Jimmie,Colmer,99.140.254.34,11/16/2019,$1457.35
983,Davey,Boyett,62.10.43.61,3/4/2020,$987.80
984,Renato,Pyett,110.120.40.27,9/23/2019,$779.76
985,Gabriel,Tinton,173.195.250.208,9/25/2019,$442.27
986,Garner,Hek,104.7.140.117,10/9/2019,$849.34
987,Em,Beminster,26.39.240.177,8/21/2019,$277.48
988,Sim,Elsy,117.94.15.66,1/15/2020,$1260.18
989,Waiter,Kerford,127.255.79.90,6/8/2020,$1937.80
990,Vladimir,Lammert,82.3.208.252,9/10/2019,$1886.44
991,Kipp,Challis,230.84.233.109,2/24/2020,$1828.40
992,Quintus,Erangey,69.86.67.87,3/25/2020,$31.05
993,Phil,Pickaver,214.1.15.84,4/10/2020,$1248.07
994,Alister,M'Barron,189.15.137.194,11/2/2019,$153.35
995,Caresse,Shreve,244.97.239.160,8/17/2019,$496.64
996,Jefferey,Georgescu,20.70.222.235,7/2/2020,$964.26
997,Ansel,Copcott,156.243.29.23,4/19/2020,$656.16
998,Portia,Menier,45.98.220.246,9/1/2019,$127.69
999,Sondra,Bolte,78.3.170.125,7/5/2020,$1395.94
1000,Torrence,Wattisham,22.126.212.195,12/5/2019,$227.34
